{"cameraMode":{"drawMode":0,"name":"Shaded","section":"Shading Mode"},"sceneLighting":false,"audioPlay":false,"sceneViewState":{"showFog":true,"showMaterialUpdate":false,"showSkybox":false,"showFlares":true,"showImageEffects":true,"showParticleSystems":true,"showVisualEffectGraphs":true,"m_FxEnabled":true},"in2DMode":false,"pivot":{"x":32.364280700683597,"y":1.4232978820800782,"z":23.82817268371582},"rotation":{"x":0.19046057760715486,"y":0.44792646169662478,"z":-0.09828528016805649,"w":0.8680061101913452},"size":16.244346618652345,"orthographic":false}