{"cameraMode":{"drawMode":0,"name":"Shaded","section":"Shading Mode"},"sceneLighting":true,"audioPlay":false,"sceneViewState":{"showFog":true,"showMaterialUpdate":false,"showSkybox":true,"showFlares":true,"showImageEffects":true,"showParticleSystems":true,"showVisualEffectGraphs":true,"m_FxEnabled":true},"in2DMode":false,"pivot":{"x":27.872390747070314,"y":11.166284561157227,"z":11.858322143554688},"rotation":{"x":0.173116534948349,"y":-0.008864118717610836,"z":0.001558111747726798,"w":0.984860897064209},"size":3.500760793685913,"orthographic":false}