{"cameraMode":{"drawMode":0,"name":"Shaded","section":"Shading Mode"},"sceneLighting":true,"audioPlay":false,"sceneViewState":{"showFog":true,"showMaterialUpdate":false,"showSkybox":true,"showFlares":true,"showImageEffects":true,"showParticleSystems":true,"showVisualEffectGraphs":true,"m_FxEnabled":true},"in2DMode":false,"pivot":{"x":23.637264251708986,"y":10.837039947509766,"z":18.4740047454834},"rotation":{"x":0.07572724670171738,"y":0.30029577016830447,"z":-0.023924071341753007,"w":0.9505353569984436},"size":8.376191139221192,"orthographic":false}