{"cameraMode":{"drawMode":0,"name":"Shaded","section":"Shading Mode"},"sceneLighting":true,"audioPlay":false,"sceneViewState":{"showFog":true,"showMaterialUpdate":false,"showSkybox":true,"showFlares":true,"showImageEffects":true,"showParticleSystems":true,"showVisualEffectGraphs":true,"m_FxEnabled":true},"in2DMode":false,"pivot":{"x":28.020000457763673,"y":10.716463088989258,"z":12.309999465942383},"rotation":{"x":0.173116534948349,"y":-0.008864118717610836,"z":0.001558111747726798,"w":0.984860897064209},"size":0.36525455117225649,"orthographic":false}